{"read_duration": 1.4235829254612327, "inference_duration": 127.4190067560412, "write_duration": 0.0006952953990548849, "total_duration": 128.8432849769015, "sample_count": 15395}